{"cameraMode":{"drawMode":0,"name":"Shaded","section":"Shading Mode"},"sceneLighting":true,"audioPlay":false,"sceneViewState":{"showFog":true,"showMaterialUpdate":false,"showSkybox":true,"showFlares":true,"showImageEffects":true,"showParticleSystems":true},"in2DMode":false,"pivot":{"x":2178.59716796875,"y":1075.6767578125,"z":-25.948665618896486},"rotation":{"x":0.04196874424815178,"y":-0.029969189316034318,"z":0.001259447424672544,"w":0.9986685514450073},"size":2591.32958984375,"orthographic":false}