{"cameraMode":{"drawMode":0,"name":"Shaded","section":"Shading Mode"},"sceneLighting":true,"audioPlay":false,"sceneViewState":{"showFog":true,"showMaterialUpdate":false,"showSkybox":true,"showFlares":true,"showImageEffects":true,"showParticleSystems":true},"in2DMode":false,"pivot":{"x":2214.720947265625,"y":704.6477661132813,"z":-55.059814453125},"rotation":{"x":0.04196874424815178,"y":-0.029969189316034318,"z":0.001259447424672544,"w":0.9986685514450073},"size":2744.207763671875,"orthographic":false}