{"cameraMode":{"drawMode":0,"name":"Shaded","section":"Shading Mode"},"sceneLighting":true,"audioPlay":false,"sceneViewState":{"showFog":true,"showMaterialUpdate":false,"showSkybox":true,"showFlares":true,"showImageEffects":true,"showParticleSystems":true},"in2DMode":false,"pivot":{"x":1973.46044921875,"y":837.97216796875,"z":-1.64404296875},"rotation":{"x":-0.0059989942237734798,"y":0.01799873821437359,"z":0.00010799392475746572,"w":0.9998200535774231},"size":3595.19189453125,"orthographic":false}